{
    "value0": {
        "T_mocap_world": {
            "px": -0.31464960047855469,
            "py": -1.5129661850976493,
            "pz": 0.6425083999649643,
            "qx": -0.008079501053988234,
            "qy": 0.6844494265401168,
            "qz": 0.7290149449993467,
            "qw": 0.0009561062824573487
        },
        "T_imu_marker": {
            "px": 0.06832603321344912,
            "py": 0.05632920180580076,
            "pz": 0.07702087383821713,
            "qx": 0.15902710170228138,
            "qy": 0.5501575596783017,
            "qz": 0.21962158829616347,
            "qw": 0.7898122551640097
        },
        "mocap_time_offset_ns": -9879790,
        "mocap_to_imu_offset_ns": -217102426153
    }
}
