{
    "value0": {
        "T_mocap_world": {
            "px": -0.3121806772605164,
            "py": -1.4511444463653208,
            "pz": 0.5170799792233164,
            "qx": -0.0004874647434636352,
            "qy": -0.6654403327823997,
            "qz": -0.7464387321835938,
            "qw": 0.004259692561955581
        },
        "T_imu_marker": {
            "px": 0.0682395566125301,
            "py": 0.05484102693333699,
            "pz": 0.06451606289598333,
            "qx": 0.4825868335932214,
            "qy": 0.3181655742164699,
            "qz": 0.6725370155372069,
            "qw": 0.4621412967462215
        },
        "mocap_time_offset_ns": -4328313,
        "mocap_to_imu_offset_ns": -665127304229
    }
}
